fname,lname,username,role,email
Dena,Mucha,faccount1,org_publisher,Mucha@fakesite.com
Darcey,Heart,faccount2,org_admin,Heart@fakesite.com
Julius,Eilers,faccount3,org_user,Eilers@fakesite.com
Tenisha,Nakamura,faccount4,org_user,Nakamura@fakesite.com
Agripina,Croghan,faccount5,org_user,Croghan@fakesite.com
Cecilia,Goforth,faccount6,org_user,Goforth@fakesite.com
Diego,Voisine,faccount7,org_user,Voisine@fakesite.com
Lamar,Feather,faccount8,org_user,Feather@fakesite.com
Sherley,Ashalintubbi,faccount9,org_user,Ashalintubbi@fakesite.com
Johanna,Reyna,faccount10,org_user,Reyna@fakesite.com
Leonida,Rance,faccount11,org_user,Rance@fakesite.com
Danika,Overman,faccount12,org_user,Overman@fakesite.com
Osvaldo,Giraldo,faccount13,org_user,Giraldo@fakesite.com
Shay,Kavanaugh,faccount14,org_user,Kavanaugh@fakesite.com
Omar,Spells,faccount15,org_user,Spells@fakesite.com
Roseline,Schiel,faccount16,org_user,Schiel@fakesite.com
Delmer,Rathjen,faccount17,org_user,Rathjen@fakesite.com
Phylis,Haltom,faccount18,org_user,Haltom@fakesite.com
Delmar,Edsall,faccount19,org_user,Edsall@fakesite.com
Walton,Cabiness,faccount20,org_user,Cabiness@fakesite.com
Marna,Crooker,faccount21,org_user,Crooker@fakesite.com
Denice,Roesch,faccount22,org_user,Roesch@fakesite.com
Reid,Kofoed,faccount23,org_user,Kofoed@fakesite.com
Brandie,Taliaferro,faccount24,org_user,Taliaferro@fakesite.com
Tracy,Lehrman,faccount25,org_user,Lehrman@fakesite.com
Lenora,Yerger,faccount26,org_user,Yerger@fakesite.com
Alina,Diener,faccount27,org_user,Diener@fakesite.com
Ileana,Revelle,faccount28,org_user,Revelle@fakesite.com
Alejandrina,Sill,faccount29,org_user,Sill@fakesite.com
Kattie,Dodson,faccount30,org_user,Dodson@fakesite.com
